i7_1	ATGCGGAT
i7_2	ACTTCAAT
i7_3	ACGCAGAG
i7_4	TGCGTATC
i7_5	CGAACGTA
i7_6	AGGATTCA
i7_7	TTATAGCC
i7_8	AGGTTGTG
i7_9	GAGGCTGA
i7_10	AACAATCC
i7_11	TCGTCATG
i7_12	TAGTGGAC
i7_13	AAACTCGA
i7_14	TGTGCTCA
i7_15	GGTGACAC
i7_16	TTGTGACT
i7_17	TTCGGCCT
i7_18	GCAGCTAA
i7_19	TTTAACAG
i7_20	GTTTGTTT
i7_21	ATTTCCGG
i7_22	TGGCTACC
i7_23	TAGTCGCA
i7_24	TTCCAGAC
i7_25	GTCAATAC
i7_26	TACAGCCG
i7_27	TGACCAGT
i7_28	GTTACGAT
i7_29	TGTGTCCT
i7_30	TGGGTCAA
i7_31	TTCCGCTC
i7_32	AAACTGGT
i7_33	GTATGAGT
i7_34	GGCATGCT
i7_35	AGGCAACG
i7_36	GGTCATAA
i7_37	CTACGAGC
i7_38	CTGTCTGG
i7_39	GGCCTAAG
i7_40	AACCCTTG
i7_41	CTGGTGCA
i7_42	AATTCCCA
i7_43	TTAAGCGT
i7_44	GTCTCCAA
i7_45	GTTGTCAT
i7_46	AAATCGTT
i7_47	GAAGGCTT
i7_48	CACGGACT
i7_49	TCGAAGCT
i7_50	GGTTTCTC
i7_51	GGGCCAAT
i7_52	AAATGTCG
i7_53	ATATGCAT
i7_54	ACGGTAGC
i7_55	AGAAGTTA
i7_56	CAATACTT
i7_57	ATCCCACG
i7_58	ACCTTCTT
i7_59	GTACACTC
i7_60	GCAACCTG
i7_61	TCGGTTTA
i7_62	CGTCAGCA
i7_63	TTCCGAGT
i7_64	CCCTTCAG
i7_65	AGTGATGC
i7_66	CACAGTTT
i7_67	GCCAAGAT
i7_68	ATGTTGGC
i7_69	TGATAACA
i7_70	GAGCGGTA
i7_71	GGGAACCT
i7_72	GGAAACAG
i7_73	GAATGCAA
i7_74	ATAACGAA
i7_75	ATGACCGA
i7_76	CATACATT
i7_77	TCCTTATT
i7_78	TCACGTTT
i7_79	AAATCAGA
i7_80	GACAAAGG
i7_81	GCTTTGGC
i7_82	CAGACCAT
i7_83	CGGGCTTT
i7_84	TCCTAGAA
i7_85	GATTTACC
i7_86	TAGAAATG
i7_87	ATATACCT
i7_88	TTGAGGGT
i7_89	CGAGTCTG
i7_90	CTTCGATT
i7_91	AGCGCCTT
i7_92	CCCGAATG
i7_93	CTCGCGTA
i7_94	ACGTATAC
i7_95	GACAACTT
i7_96	TTGCATAT
